job_id,source,source_url,source_job_id,found_at
job-0001,Hirify,https://hirify.me/jobs/569412-frontend-developer-react,,2026-08-09
job-0002,Hirify,https://hirify.me/jobs/737608-middle-pixi-js-playable-ads-developer,,2026-08-09
job-0003,Hirify,https://hirify.me/jobs/714967-frontend-developer-react,,2026-08-09
job-0004,Hirify,https://hirify.me/jobs/652587-frontend-engineer-typescript,,2026-08-09
job-0005,Hirify,https://hirify.me/jobs/762937-middle-react-engineer,,2026-08-09
job-0006,Hirify,https://hirify.me/jobs/434960-junior-plus-frontend-developer-react,,2026-08-09
job-0007,Jaabz,https://jaabz.com/jobs/240394-associate-frontend-developer,,2026-08-09
job-0008,Jaabz,https://jaabz.com/jobs/242747-junior-react-developer,,2026-08-09
job-0009,Jaabz,https://jaabz.com/jobs/247515-frontend-engineer-intern,,2026-08-09
job-0010,Jaabz,https://jaabz.com/jobs/247419-graduate-frontend-developer,,2026-08-09
job-0011,Company Careers,https://jobs.ashbyhq.com/primer.io/6aaaf2e8-a90e-484f-a587-505f200d1927,,2026-08-09
job-0012,We Work Remotely,https://weworkremotely.com/remote-jobs/yoko-co-front-end-wordpress-developer,,2026-08-09
job-0013,We Work Remotely,https://weworkremotely.com/remote-jobs/hook-ladder-web-developer,,2026-08-09
job-0014,We Work Remotely,https://weworkremotely.com/remote-jobs/onthegosystems-ai-native-software-developer,,2026-08-09
job-0015,Welcome to the Jungle,https://app.welcometothejungle.com/jobs/M9_8nKrY,,2026-08-09
job-0016,Welcome to the Jungle,https://app.welcometothejungle.com/jobs/DfDP1lsv,,2026-08-09
job-0017,Welcome to the Jungle,https://app.welcometothejungle.com/jobs/yN68pkhG,,2026-08-09
job-0018,Welcome to the Jungle,https://www.welcometothejungle.com/fr/companies/epilot/jobs/senior-staff-product-engineer-frontend-m-f-d_koln_v3lpml7i,,2026-08-09
job-0019,Hirify,https://hirify.me/jobs/782282-frontend-developer-vue,,2026-08-10
job-0020,Hirify,https://hirify.me/jobs/793795-frontend-engineer-react-typescript,,2026-08-10
job-0021,Hirify,https://hirify.me/jobs/793908-frontend-developer-react-typescript,,2026-08-10
job-0022,Hirify,https://hirify.me/jobs/707923-web-ui-engineer-react-flutter,,2026-08-10
job-0023,Hirify,https://hirify.me/companies/canonical,,2026-08-10
job-0024,Hirify,https://hirify.me/jobs/720403-cms-template-engineer-cms,,2026-08-10
job-0025,Hirify,https://hirify.me/jobs/313523-playable-ads-developer,,2026-08-10
job-0026,Manual,https://career.sigma.software/uk/vacancy/junior-javascript-developer-4/,,2026-08-07
job-0027,Hirify,https://hirify.me/jobs/700716-junior-web-developer-react,,2026-08-10
job-0028,Hirify,https://hirify.me/jobs/250642-junior-web-developer,,2026-08-10
job-0029,Hirify,https://hirify.me/jobs/588196-junior-web-developer-wordpressphp,,2026-08-10
job-0030,Hirify,https://hirify.me/jobs/782813-junior-frontend-developer-typescript,,2026-08-10
job-0031,Hirify,https://hirify.me/jobs/747935-software-engineer-frontend-igaming,,2026-08-10
job-0032,Hirify,https://hirify.me/jobs/387028-junior-software-engineer,,2026-08-10
job-0033,Hirify,https://hirify.me/jobs/467970-creative-developer-html-css-js,,2026-08-10
job-0034,Hirify,https://hirify.me/jobs/677021-administrator-veb-saitov-wordpress,,2026-08-10
job-0035,Hirify,https://hirify.me/jobs/471505-frontend-software-engineer-accessibility,,2026-08-10
job-0036,Hirify,https://hirify.me/jobs/751065-junior-frontend-developer-react,,2026-08-10
job-0037,Hirify,https://hirify.me/jobs/754764-associate-frontend-software-engineer,,2026-08-10
job-0038,Hirify,https://hirify.me/jobs/783794-frontend-engineer-react-typescript-ai,,2026-08-10
job-0039,Hirify,https://hirify.me/jobs/786524-junior-frontend-developer-igaming,,2026-08-10
job-0040,Hirify,https://hirify.me/jobs/812883-web-developer-d2c-experience,,2026-08-10
job-0041,Hirify,https://hirify.me/jobs/454474-junior-frontend-web-developer,,2026-08-10
job-0042,LinkedIn,https://www.linkedin.com/jobs/view/4449240739/,,2026-08-10
job-0043,LinkedIn,https://www.linkedin.com/jobs/view/4450925376/,,2026-08-10
job-0044,LinkedIn,https://www.linkedin.com/jobs/view/4451086333/,,2026-08-10
job-0045,LinkedIn,https://www.linkedin.com/jobs/view/4451076098/,,2026-08-10
job-0046,LinkedIn,https://www.linkedin.com/jobs/view/4393491822/,,2026-08-10
job-0047,LinkedIn,https://www.linkedin.com/jobs/view/4393490847/,,2026-08-10
job-0048,LinkedIn,https://www.linkedin.com/jobs/view/4451074209/,,2026-08-10
job-0049,LinkedIn,https://www.linkedin.com/jobs/view/4451345069/,,2026-08-10
job-0050,Company Careers,https://skyrocketstudios.applytojob.com/apply/ozBqqjf6Kl/MidLevel-Developer,,2026-08-10
job-0051,Company Careers,https://storyteller.applytojob.com/apply/lc7mOBzgd9/Content-Operations-Analyst,,2026-08-10
job-0052,Company Careers,https://storyteller.applytojob.com/apply/Sn1A4hvNvv/Operations-Associate,,2026-08-10
job-0053,Company Careers,https://storyteller.applytojob.com/apply/AIGgQqs3nE/AI-Operations-Manager,,2026-08-10
job-0054,We Work Remotely,https://weworkremotely.com/remote-jobs/superplane-product-engineer,,2026-08-10
job-0055,LinkedIn,https://www.linkedin.com/jobs/view/4253280200/,,2026-08-10
job-0056,LinkedIn,https://www.linkedin.com/jobs/view/4427982407/,,2026-08-10
job-0057,LinkedIn,https://www.linkedin.com/jobs/view/4448998303/,,2026-08-10
job-0058,LinkedIn,https://www.linkedin.com/jobs/view/4449752508/,,2026-08-10
job-0059,LinkedIn,https://www.linkedin.com/jobs/view/4448986199/,,2026-08-10
job-0060,LinkedIn,https://www.linkedin.com/jobs/view/4440565387/,,2026-08-10
job-0061,LinkedIn,https://www.linkedin.com/jobs/view/4446614648/,,2026-08-10
job-0062,LinkedIn,https://www.linkedin.com/jobs/view/4449385212/,,2026-08-10
job-0063,LinkedIn,https://www.linkedin.com/jobs/view/4451398325/,,2026-08-10
job-0064,HiringCafe,https://hiring.cafe/job/commerce-and-content-front-end-technical-consultant-contractor-w4qaefgq3nzsrln2,,2026-08-10
job-0065,Wellfound,https://wellfound.com/jobs/3802484-frontend-developer-intern-next-js-typescript,,2026-08-11
job-0066,Wellfound,https://wellfound.com/jobs/4497124-website-development-intern-ui-ux-full-stack-end-to-end,,2026-08-11
job-0067,Wellfound,https://wellfound.com/jobs/4479264-product-design-engineer,,2026-08-11
job-0068,Wellfound,https://wellfound.com/jobs/3272161-frontend-developer-intern-react-next-js,,2026-08-11
job-0069,Wellfound,https://wellfound.com/jobs/3298184-front-end-developer,,2026-08-11
job-0070,Wellfound,https://wellfound.com/jobs/3530358-full-time-serbia-next-js-react-javascript,,2026-08-11
job-0071,Wellfound,https://wellfound.com/jobs/3904213-co-founder-full-stack-engineer,,2026-08-11
job-0072,Wellfound,https://wellfound.com/jobs/4475642-software-developer,,2026-08-11
job-0073,Wellfound,https://wellfound.com/jobs/4275984-product-engineer,,2026-08-11
job-0074,Wellfound,https://wellfound.com/jobs/3540476-design-engineer,,2026-08-11
job-0075,Wellfound,https://wellfound.com/jobs,,2026-08-11
job-0076,Wellfound,https://wellfound.com/jobs,,2026-08-11
job-0077,Wellfound,https://wellfound.com/jobs,,2026-08-11
job-0078,HelloWorld.rs,https://helloworld.rs/posao/Frontend-Developer-React/Zoftify-Travel-Software-Development/706636,,2026-08-11
job-0079,HelloWorld.rs,https://www.helloworld.rs/posao/Frontend-Engineer/Stedi/705733,,2026-08-11
job-0080,HelloWorld.rs,https://www.helloworld.rs/posao/Game-Developer/Tria-d.o.o/678774,,2026-08-11
job-0081,Himalayas,https://himalayas.app/companies/choice/jobs/frontend-developer,,2026-08-11
job-0082,Himalayas,https://himalayas.app/companies/kdci/jobs/web-developer,,2026-08-11
job-0083,LinkedIn,https://www.linkedin.com/jobs/view/4442164674/,,2026-08-11
job-0084,LinkedIn,https://www.linkedin.com/jobs/view/4447380796/,,2026-08-11
job-0085,LinkedIn,https://www.linkedin.com/jobs/view/4439149489/,,2026-08-11
job-0086,LinkedIn,https://www.linkedin.com/jobs/view/4449738853/,,2026-08-11
job-0087,LinkedIn,https://www.linkedin.com/jobs/view/4449119123/,,2026-08-11
job-0088,LinkedIn,https://www.linkedin.com/jobs/view/4449078058/,,2026-08-11
job-0089,LinkedIn,https://www.linkedin.com/jobs/view/4451144078/,,2026-08-11
job-0090,LinkedIn,https://www.linkedin.com/jobs/view/4450338017/,,2026-08-11
job-0091,LinkedIn,https://www.linkedin.com/jobs/view/4449205539/,,2026-08-11
job-0092,LinkedIn,https://www.linkedin.com/jobs/view/4448880366/,,2026-08-11
job-0093,LinkedIn,https://www.linkedin.com/jobs/view/4449375841/,,2026-08-11
job-0094,LinkedIn,https://www.linkedin.com/jobs/view/4450540694/,,2026-08-11
job-0095,LinkedIn,https://www.linkedin.com/jobs/view/4451100849/,,2026-08-11
job-0096,LinkedIn,https://www.linkedin.com/jobs/view/4451380936/,,2026-08-11
job-0097,LinkedIn,https://www.linkedin.com/jobs/view/4451397328/,,2026-08-11
job-0046,LinkedIn,https://www.linkedin.com/jobs/view/4393491848/,,2026-08-11
job-0099,Himalayas,https://himalayas.app/companies/homeward/jobs/software-engineer-front-end-latin-america,https://himalayas.app/companies/homeward/jobs/software-engineer-front-end-latin-america,2026-08-11
job-0100,Himalayas,https://himalayas.app/companies/fcamara/jobs/desenvolvedor-frontend-angular-pleno,https://himalayas.app/companies/fcamara/jobs/desenvolvedor-frontend-angular-pleno,2026-08-11
job-0101,Himalayas,https://himalayas.app/companies/fcamara/jobs/desenvolvedor-front-end-engineer-pleno,https://himalayas.app/companies/fcamara/jobs/desenvolvedor-front-end-engineer-pleno,2026-08-11
job-0102,Himalayas,https://himalayas.app/companies/rew-technology/jobs/front-end-engineer,https://himalayas.app/companies/rew-technology/jobs/front-end-engineer,2026-08-11
job-0103,Himalayas,https://himalayas.app/companies/mindrift/jobs/freelance-frontend-developer-landing-pages-websites-7686352019,https://himalayas.app/companies/mindrift/jobs/freelance-frontend-developer-landing-pages-websites-7686352019,2026-08-11
job-0104,Himalayas,https://himalayas.app/companies/fcamara/jobs/pessoa-desenvolvedora-front-end-desenvolvedor-de-ia-conversacional-pleno,https://himalayas.app/companies/fcamara/jobs/pessoa-desenvolvedora-front-end-desenvolvedor-de-ia-conversacional-pleno,2026-08-11
job-0105,Himalayas,https://himalayas.app/companies/cuponomia/jobs/desenvolvedor-a-front-end-junior-pleno,https://himalayas.app/companies/cuponomia/jobs/desenvolvedor-a-front-end-junior-pleno,2026-08-11
job-0106,Himalayas,https://himalayas.app/companies/mindrift/jobs/freelance-frontend-developer-landing-pages-websites-6692025130,https://himalayas.app/companies/mindrift/jobs/freelance-frontend-developer-landing-pages-websites-6692025130,2026-08-11
job-0107,Himalayas,https://himalayas.app/companies/asrc-federal/jobs/geospatial-front-end-developer-1935918062,https://himalayas.app/companies/asrc-federal/jobs/geospatial-front-end-developer-1935918062,2026-08-11
job-0108,Himalayas,https://himalayas.app/companies/worky/jobs/frontend-developer,https://himalayas.app/companies/worky/jobs/frontend-developer,2026-08-11
job-0109,Himalayas,https://himalayas.app/companies/bigbinary/jobs/react-native-engineer,https://himalayas.app/companies/bigbinary/jobs/react-native-engineer,2026-08-11
job-0110,Himalayas,https://himalayas.app/companies/devoteam/jobs/nearshore-sector-mid-fullstack-java-react-developer,https://himalayas.app/companies/devoteam/jobs/nearshore-sector-mid-fullstack-java-react-developer,2026-08-11
job-0111,Himalayas,https://himalayas.app/companies/talentcross/jobs/1225-410mos-full-stack-engineer-react-node-js-postgresql-web-scraping-a,https://himalayas.app/companies/talentcross/jobs/1225-410mos-full-stack-engineer-react-node-js-postgresql-web-scraping-a,2026-08-11
job-0112,Himalayas,https://himalayas.app/companies/pavago/jobs/shopify-web-developer-9768688693,https://himalayas.app/companies/pavago/jobs/shopify-web-developer-9768688693,2026-08-11
job-0113,Himalayas,https://himalayas.app/companies/spektra-systems/jobs/ai-native-web-developer-5286226654,https://himalayas.app/companies/spektra-systems/jobs/ai-native-web-developer-5286226654,2026-08-11
job-0114,Himalayas,https://himalayas.app/companies/pavago/jobs/shopify-web-developer,https://himalayas.app/companies/pavago/jobs/shopify-web-developer,2026-08-11
job-0115,Himalayas,https://himalayas.app/companies/allego/jobs/web-developer,https://himalayas.app/companies/allego/jobs/web-developer,2026-08-11
job-0116,Himalayas,https://himalayas.app/companies/netomi/jobs/sde-ii-frontend-9690587356,https://himalayas.app/companies/netomi/jobs/sde-ii-frontend-9690587356,2026-08-11
job-0117,Himalayas,https://himalayas.app/companies/ixilix/jobs/front-end-developer,https://himalayas.app/companies/ixilix/jobs/front-end-developer,2026-08-11
job-0118,Himalayas,https://himalayas.app/companies/revvity/jobs/front-end-ai-co-op-marketing-remote-fall-2026,https://himalayas.app/companies/revvity/jobs/front-end-ai-co-op-marketing-remote-fall-2026,2026-08-11
job-0119,Himalayas,https://himalayas.app/companies/mercor/jobs/frontend-engineer-ai-coding-expert-6126904067,https://himalayas.app/companies/mercor/jobs/frontend-engineer-ai-coding-expert-6126904067,2026-08-11
job-0120,Himalayas,https://himalayas.app/companies/clera/jobs/full-stack-frontend-engineer,https://himalayas.app/companies/clera/jobs/full-stack-frontend-engineer,2026-08-11
job-0121,Himalayas,https://himalayas.app/companies/careerswift/jobs/frontend-developer-react-junior-middle,https://himalayas.app/companies/careerswift/jobs/frontend-developer-react-junior-middle,2026-08-11
job-0122,Himalayas,https://himalayas.app/companies/ai2cyber/jobs/frontend-developer-4129067050,https://himalayas.app/companies/ai2cyber/jobs/frontend-developer-4129067050,2026-08-11
job-0123,Himalayas,https://himalayas.app/companies/black-financial-consult/jobs/frontend-engineer,https://himalayas.app/companies/black-financial-consult/jobs/frontend-engineer,2026-08-11
job-0124,Himalayas,https://himalayas.app/companies/micro1/jobs/frontend-software-engineer-3853610194,https://himalayas.app/companies/micro1/jobs/frontend-software-engineer-3853610194,2026-08-11
job-0125,Himalayas,https://himalayas.app/companies/freelancerprox/jobs/frontend-developer-intern-7994962,https://himalayas.app/companies/freelancerprox/jobs/frontend-developer-intern-7994962,2026-08-11
job-0126,Himalayas,https://himalayas.app/companies/mactores/jobs/full-stack-product-engineer-agent-native,https://himalayas.app/companies/mactores/jobs/full-stack-product-engineer-agent-native,2026-08-11
job-0127,Hirify,https://hirify.me/frontend-dev-jobs,,2026-08-11
job-0128,Hirify,https://hirify.me/jobs/652587-frontend-engineer-typescript,,2026-08-11
job-0129,Hirify,https://hirify.me/frontend-dev-jobs,,2026-08-11
job-0130,Hirify,https://hirify.me/jobs/656267-frontend-developer-ai,,2026-08-12
job-0131,Hirify,https://hirify.me/jobs/346013-frontend-engineer-intern,,2026-08-12
job-0132,We Work Remotely,https://weworkremotely.com/remote-jobs/zensors-frontend-web-developer-react-typescript-remote,,2026-08-12
job-0133,Welcome to the Jungle,https://app.welcometothejungle.com/jobs/_d8K_QyU,,2026-08-12
job-0134,We Work Remotely,https://weworkremotely.com/remote-jobs/base-com-full-stack-developer-react-aws,,2026-08-12
job-0135,We Work Remotely,https://weworkremotely.com/remote-jobs/business-web-solutions-web-developer-intern,,2026-08-12
job-0136,We Work Remotely,https://weworkremotely.com/remote-jobs/remote-va-web-developer-bigcommerce-experience-required,,2026-08-12
job-0137,Welcome to the Jungle,https://www.welcometothejungle.com/es/companies/mytraffic/jobs/software-engineer-m-f_madrid_MYTRA_43OWOmJ,,2026-08-12
job-0138,Welcome to the Jungle,https://www.welcometothejungle.com/fr/companies/zen-educate/jobs/product-engineer-remote-emea_london_lvqs75nq,,2026-08-12
